{
    "type": "crafting_shaped",
    "pattern": [
        " # ",
        "/OS",
        " G "
    ],
    "key": {
        "#": {
            "item": "minecraft:bone_meal"
        },
        "/": {
            "item": "minecraft:stick"
        },
        "O": {
            "item": "minecraft:obsidian"
        },
        "S": {
            "item": "minecraft:string"
        },
        "G": {
            "item": "minecraft:gunpowder"
        }
    },
    "result": {
        "item": "minecraft:ender_pearl",
        "count": 1
    }
}